rental_id,inventory_id,rental_date,day_of_week,return_date,rental_duration,customer_id,staff_id
1,367,2005-05-24 22:53:30,Tuesday,2005-05-26 22:04:30,1,130,1
2,1525,2005-05-24 22:54:33,Tuesday,2005-05-28 19:40:33,3,459,1
3,1711,2005-05-24 23:03:39,Tuesday,2005-06-01 22:12:39,7,408,1
4,2452,2005-05-24 23:04:41,Tuesday,2005-06-03 01:43:41,9,333,2
5,2079,2005-05-24 23:05:21,Tuesday,2005-06-02 04:33:21,8,222,1
6,2792,2005-05-24 23:08:07,Tuesday,2005-05-27 01:32:07,2,549,1
7,3995,2005-05-24 23:11:53,Tuesday,2005-05-29 20:34:53,4,269,2
8,2346,2005-05-24 23:31:46,Tuesday,2005-05-27 23:33:46,3,239,2
9,2580,2005-05-25 00:00:40,Wednesday,2005-05-28 00:22:40,3,126,1
10,1824,2005-05-25 00:02:21,Wednesday,2005-05-31 22:44:21,6,399,2
11,4443,2005-05-25 00:09:02,Wednesday,2005-06-02 20:56:02,8,142,2
12,1584,2005-05-25 00:19:27,Wednesday,2005-05-30 05:44:27,5,261,2
13,2294,2005-05-25 00:22:55,Wednesday,2005-05-30 04:28:55,5,334,1
14,2701,2005-05-25 00:31:15,Wednesday,2005-05-26 02:56:15,1,446,1
15,3049,2005-05-25 00:39:22,Wednesday,2005-06-03 03:30:22,9,319,1
16,389,2005-05-25 00:43:11,Wednesday,2005-05-26 04:42:11,1,316,2
17,830,2005-05-25 01:06:36,Wednesday,2005-05-27 00:43:36,1,575,1
18,3376,2005-05-25 01:10:47,Wednesday,2005-05-31 06:35:47,6,19,2
19,1941,2005-05-25 01:17:24,Wednesday,2005-05-31 06:00:24,6,456,1
20,3517,2005-05-25 01:48:41,Wednesday,2005-05-27 02:20:41,2,185,2
21,146,2005-05-25 01:59:46,Wednesday,2005-05-26 01:01:46,0,388,2
22,727,2005-05-25 02:19:23,Wednesday,2005-05-26 04:52:23,1,509,2
23,4441,2005-05-25 02:40:21,Wednesday,2005-05-29 06:34:21,4,438,1
24,3273,2005-05-25 02:53:02,Wednesday,2005-05-27 01:15:02,1,350,1
25,3961,2005-05-25 03:21:20,Wednesday,2005-05-27 21:25:20,2,37,2
26,4371,2005-05-25 03:36:50,Wednesday,2005-05-31 00:34:50,5,371,1
27,1225,2005-05-25 03:41:50,Wednesday,2005-05-30 01:13:50,4,301,2
28,4068,2005-05-25 03:42:37,Wednesday,2005-05-26 09:26:37,1,232,2
29,611,2005-05-25 03:47:12,Wednesday,2005-05-30 00:31:12,4,44,2
30,3744,2005-05-25 04:01:32,Wednesday,2005-05-30 03:12:32,4,430,1
31,4482,2005-05-25 04:05:17,Wednesday,2005-05-30 07:15:17,5,369,1
32,3832,2005-05-25 04:06:21,Wednesday,2005-05-25 23:55:21,0,230,1
33,1681,2005-05-25 04:18:51,Wednesday,2005-05-27 03:58:51,1,272,1
34,2613,2005-05-25 04:19:28,Wednesday,2005-05-29 00:10:28,3,597,2
35,1286,2005-05-25 04:24:36,Wednesday,2005-05-27 07:02:36,2,484,2
36,1308,2005-05-25 04:36:26,Wednesday,2005-05-29 00:31:26,3,88,1
37,403,2005-05-25 04:44:31,Wednesday,2005-05-29 01:03:31,3,535,1
38,2540,2005-05-25 04:47:44,Wednesday,2005-06-01 00:58:44,6,302,1
39,4466,2005-05-25 04:51:46,Wednesday,2005-05-31 03:14:46,5,207,2
40,2638,2005-05-25 05:09:04,Wednesday,2005-05-27 23:12:04,2,413,1
41,1761,2005-05-25 05:12:29,Wednesday,2005-06-02 00:28:29,7,174,1
42,380,2005-05-25 05:24:58,Wednesday,2005-05-31 02:47:58,5,523,2
43,2578,2005-05-25 05:39:25,Wednesday,2005-05-26 06:54:25,1,532,2
44,3098,2005-05-25 05:53:23,Wednesday,2005-05-29 10:56:23,4,207,2
45,1853,2005-05-25 05:59:39,Wednesday,2005-06-02 09:56:39,8,436,2
46,3318,2005-05-25 06:04:08,Wednesday,2005-06-02 08:18:08,8,7,2
47,2211,2005-05-25 06:05:20,Wednesday,2005-05-30 03:04:20,4,35,1
48,1780,2005-05-25 06:20:46,Wednesday,2005-06-02 05:42:46,7,282,1
49,2965,2005-05-25 06:39:35,Wednesday,2005-05-30 10:12:35,5,498,2
50,1983,2005-05-25 06:44:53,Wednesday,2005-05-28 11:28:53,3,18,2
51,1257,2005-05-25 06:49:10,Wednesday,2005-05-26 06:42:10,0,256,1
52,4017,2005-05-25 06:51:29,Wednesday,2005-05-31 01:27:29,5,507,2
53,1255,2005-05-25 07:19:16,Wednesday,2005-05-27 05:19:16,1,569,2
54,2787,2005-05-25 07:23:25,Wednesday,2005-06-01 05:05:25,6,291,2
55,1139,2005-05-25 08:26:13,Wednesday,2005-05-30 10:57:13,5,131,1
56,1352,2005-05-25 08:28:11,Wednesday,2005-05-26 14:21:11,1,511,1
57,3938,2005-05-25 08:43:32,Wednesday,2005-05-29 06:42:32,3,6,2
58,3050,2005-05-25 08:53:14,Wednesday,2005-05-28 14:40:14,3,323,1
59,2884,2005-05-25 08:56:42,Wednesday,2005-06-01 09:52:42,7,408,1
60,330,2005-05-25 08:58:25,Wednesday,2005-05-30 14:14:25,5,470,1
61,4210,2005-05-25 09:01:57,Wednesday,2005-06-02 07:22:57,7,250,2
62,261,2005-05-25 09:18:52,Wednesday,2005-05-30 10:55:52,5,419,1
63,4008,2005-05-25 09:19:16,Wednesday,2005-05-27 04:24:16,1,383,1
64,79,2005-05-25 09:21:29,Wednesday,2005-06-03 11:31:29,9,368,1
65,3552,2005-05-25 09:32:03,Wednesday,2005-05-29 14:21:03,4,346,1
66,1162,2005-05-25 09:35:12,Wednesday,2005-05-29 04:16:12,3,86,2
67,239,2005-05-25 09:41:01,Wednesday,2005-05-27 13:46:01,2,119,2
68,4029,2005-05-25 09:47:31,Wednesday,2005-05-31 10:20:31,6,120,2
69,3207,2005-05-25 10:10:14,Wednesday,2005-05-27 14:02:14,2,305,2
70,2168,2005-05-25 10:15:23,Wednesday,2005-05-27 05:56:23,1,73,2
71,2408,2005-05-25 10:26:39,Wednesday,2005-05-28 04:59:39,2,100,1
72,2260,2005-05-25 10:52:13,Wednesday,2005-05-28 05:52:13,2,48,2
73,517,2005-05-25 11:00:07,Wednesday,2005-06-01 13:56:07,7,391,2
74,1744,2005-05-25 11:09:48,Wednesday,2005-05-26 12:23:48,1,265,2
75,3393,2005-05-25 11:13:34,Wednesday,2005-06-03 12:58:34,9,510,1
76,3021,2005-05-25 11:30:37,Wednesday,2005-06-03 12:00:37,9,1,2
77,1303,2005-05-25 11:31:59,Wednesday,2005-05-26 16:53:59,1,451,2
78,4067,2005-05-25 11:35:18,Wednesday,2005-05-31 12:48:18,6,135,2
79,3299,2005-05-25 12:11:07,Wednesday,2005-06-03 10:54:07,8,245,2
80,2478,2005-05-25 12:12:07,Wednesday,2005-05-31 17:46:07,6,314,2
81,2610,2005-05-25 12:15:19,Wednesday,2005-06-02 14:08:19,8,286,2
82,1388,2005-05-25 12:17:46,Wednesday,2005-06-01 10:48:46,6,427,1
83,466,2005-05-25 12:30:15,Wednesday,2005-05-27 15:40:15,2,131,1
84,1829,2005-05-25 12:36:30,Wednesday,2005-05-29 18:33:30,4,492,1
85,470,2005-05-25 13:05:34,Wednesday,2005-05-29 16:53:34,4,414,1
86,2275,2005-05-25 13:36:12,Wednesday,2005-05-30 14:53:12,5,266,1
87,1586,2005-05-25 13:52:43,Wednesday,2005-05-29 11:12:43,3,331,2
88,2221,2005-05-25 14:13:54,Wednesday,2005-05-29 09:32:54,3,53,2
89,2181,2005-05-25 14:28:29,Wednesday,2005-05-29 14:33:29,4,499,1
90,2984,2005-05-25 14:31:25,Wednesday,2005-06-01 10:07:25,6,25,1
91,139,2005-05-25 14:57:22,Wednesday,2005-06-01 18:32:22,7,267,1
92,775,2005-05-25 15:38:46,Wednesday,2005-05-31 13:40:46,5,302,2
93,4360,2005-05-25 15:54:16,Wednesday,2005-06-03 20:18:16,9,288,1
94,1675,2005-05-25 16:03:42,Wednesday,2005-05-30 14:23:42,4,197,1
95,178,2005-05-25 16:12:52,Wednesday,2005-06-02 18:55:52,8,400,2
96,3418,2005-05-25 16:32:19,Wednesday,2005-05-30 10:47:19,4,49,2
97,1283,2005-05-25 16:34:24,Wednesday,2005-05-28 12:13:24,2,263,2
98,2970,2005-05-25 16:48:24,Wednesday,2005-05-27 11:29:24,1,269,2
99,535,2005-05-25 16:50:20,Wednesday,2005-05-28 18:52:20,3,44,1
100,2599,2005-05-25 16:50:28,Wednesday,2005-06-02 22:11:28,8,208,1
101,617,2005-05-25 17:17:04,Wednesday,2005-05-31 19:47:04,6,468,1
102,373,2005-05-25 17:22:10,Wednesday,2005-05-31 19:47:10,6,343,1
103,3343,2005-05-25 17:30:42,Wednesday,2005-06-03 22:36:42,9,384,1
104,4281,2005-05-25 17:46:33,Wednesday,2005-05-27 15:20:33,1,310,1
105,794,2005-05-25 17:54:12,Wednesday,2005-05-30 12:03:12,4,108,2
106,3627,2005-05-25 18:18:19,Wednesday,2005-06-04 00:01:19,9,196,2
107,2833,2005-05-25 18:28:09,Wednesday,2005-06-03 22:46:09,9,317,2
108,3289,2005-05-25 18:30:05,Wednesday,2005-05-30 19:40:05,5,242,1
109,1044,2005-05-25 18:40:20,Wednesday,2005-05-29 20:39:20,4,503,2
110,4108,2005-05-25 18:43:49,Wednesday,2005-06-03 18:13:49,8,19,2
111,3725,2005-05-25 18:45:19,Wednesday,2005-05-28 17:18:19,2,227,1
112,2153,2005-05-25 18:57:24,Wednesday,2005-06-02 20:44:24,8,500,1
113,2963,2005-05-25 19:07:40,Wednesday,2005-05-27 22:16:40,2,93,2
114,4502,2005-05-25 19:12:42,Wednesday,2005-06-01 23:10:42,7,506,1
115,749,2005-05-25 19:13:25,Wednesday,2005-05-29 20:17:25,4,455,1
116,4453,2005-05-25 19:27:51,Wednesday,2005-05-26 16:23:51,0,18,1
117,4278,2005-05-25 19:30:46,Wednesday,2005-05-31 23:59:46,6,7,2
118,872,2005-05-25 19:31:18,Wednesday,2005-05-31 15:00:18,5,524,1
119,1359,2005-05-25 19:37:02,Wednesday,2005-05-29 23:51:02,4,51,2
120,37,2005-05-25 19:37:47,Wednesday,2005-06-01 23:29:47,7,365,2
121,1053,2005-05-25 19:41:29,Wednesday,2005-05-29 21:31:29,4,405,1
122,2908,2005-05-25 19:46:21,Wednesday,2005-06-02 19:07:21,7,273,1
123,1795,2005-05-25 20:26:42,Wednesday,2005-05-26 19:41:42,0,43,1
124,212,2005-05-25 20:46:11,Wednesday,2005-05-30 00:47:11,4,246,2
125,952,2005-05-25 20:48:50,Wednesday,2005-06-02 21:39:50,8,368,1
126,2047,2005-05-25 21:07:59,Wednesday,2005-05-28 18:51:59,2,439,1
127,2026,2005-05-25 21:10:40,Wednesday,2005-06-02 21:38:40,8,94,1
128,4322,2005-05-25 21:19:53,Wednesday,2005-05-29 23:34:53,4,40,1
129,4154,2005-05-25 21:20:03,Wednesday,2005-06-04 01:25:03,9,23,2
130,3990,2005-05-25 21:21:56,Wednesday,2005-05-30 22:41:56,5,56,2
131,815,2005-05-25 21:42:46,Wednesday,2005-05-30 23:25:46,5,325,2
132,3367,2005-05-25 21:46:54,Wednesday,2005-05-31 21:02:54,5,479,1
133,399,2005-05-25 21:48:30,Wednesday,2005-05-30 00:26:30,4,237,2
134,2272,2005-05-25 21:48:41,Wednesday,2005-06-02 18:28:41,7,222,1
135,103,2005-05-25 21:58:58,Wednesday,2005-06-03 17:50:58,8,304,1
136,2296,2005-05-25 22:02:30,Wednesday,2005-05-31 18:06:30,5,504,1
137,2591,2005-05-25 22:25:18,Wednesday,2005-06-01 02:30:18,6,560,2
138,4134,2005-05-25 22:48:22,Wednesday,2005-05-29 20:21:22,3,586,2
139,327,2005-05-25 23:00:21,Wednesday,2005-05-29 17:12:21,3,257,1
140,655,2005-05-25 23:34:22,Wednesday,2005-05-27 01:10:22,1,354,1
141,811,2005-05-25 23:34:53,Wednesday,2005-06-02 01:57:53,7,89,1
142,4407,2005-05-25 23:43:47,Wednesday,2005-05-29 00:46:47,3,472,2
143,847,2005-05-25 23:45:52,Wednesday,2005-05-27 21:41:52,1,297,2
144,1689,2005-05-25 23:49:56,Wednesday,2005-06-01 21:41:56,6,357,2
145,3905,2005-05-25 23:59:03,Wednesday,2005-05-31 02:56:03,5,82,1
146,1431,2005-05-26 00:07:11,Thursday,2005-06-04 00:20:11,9,433,2
147,633,2005-05-26 00:17:50,Thursday,2005-05-29 23:21:50,3,274,2
148,4252,2005-05-26 00:25:23,Thursday,2005-06-01 19:29:23,6,142,2
149,1084,2005-05-26 00:28:05,Thursday,2005-06-02 21:30:05,7,319,2
150,909,2005-05-26 00:28:39,Thursday,2005-06-01 02:10:39,6,429,2
151,2942,2005-05-26 00:37:28,Thursday,2005-05-30 06:28:28,4,14,1
152,2622,2005-05-26 00:41:10,Thursday,2005-06-03 06:05:10,8,57,1
153,3888,2005-05-26 00:47:47,Thursday,2005-05-27 21:28:47,1,348,1
154,1354,2005-05-26 00:55:56,Thursday,2005-05-29 23:18:56,3,185,2
155,288,2005-05-26 01:15:05,Thursday,2005-06-01 00:03:05,5,551,1
156,3193,2005-05-26 01:19:05,Thursday,2005-05-27 23:43:05,1,462,1
157,887,2005-05-26 01:25:21,Thursday,2005-05-26 21:17:21,0,344,2
158,2395,2005-05-26 01:27:11,Thursday,2005-06-03 00:30:11,7,354,2
159,3453,2005-05-26 01:34:28,Thursday,2005-05-29 04:00:28,3,505,1
160,1885,2005-05-26 01:46:20,Thursday,2005-06-01 05:45:20,6,290,1
161,2941,2005-05-26 01:51:48,Thursday,2005-05-27 05:42:48,1,182,1
162,1229,2005-05-26 02:02:05,Thursday,2005-05-27 03:38:05,1,296,2
163,2306,2005-05-26 02:26:23,Thursday,2005-06-04 06:36:23,9,104,1
164,1070,2005-05-26 02:26:49,Thursday,2005-05-28 00:32:49,1,151,1
165,2735,2005-05-26 02:28:36,Thursday,2005-06-02 03:21:36,7,33,1
166,3894,2005-05-26 02:49:11,Thursday,2005-05-31 01:28:11,4,322,1
167,865,2005-05-26 02:50:31,Thursday,2005-05-27 03:07:31,1,401,1
168,2714,2005-05-26 03:07:43,Thursday,2005-06-02 02:09:43,6,469,2
169,1758,2005-05-26 03:09:30,Thursday,2005-05-27 01:37:30,0,381,2
170,3688,2005-05-26 03:11:12,Thursday,2005-06-02 03:53:12,7,107,1
171,4483,2005-05-26 03:14:15,Thursday,2005-06-03 00:24:15,7,400,2
172,2873,2005-05-26 03:17:42,Thursday,2005-05-29 04:11:42,3,176,2
173,3596,2005-05-26 03:42:10,Thursday,2005-05-28 01:37:10,1,533,2
174,3954,2005-05-26 03:44:10,Thursday,2005-05-28 07:13:10,2,552,2
175,4346,2005-05-26 03:46:26,Thursday,2005-06-03 06:01:26,8,47,2
176,851,2005-05-26 03:47:39,Thursday,2005-06-01 02:36:39,5,250,2
177,3545,2005-05-26 04:14:29,Thursday,2005-06-01 08:16:29,6,548,2
178,1489,2005-05-26 04:21:46,Thursday,2005-06-04 07:09:46,9,196,2
179,2575,2005-05-26 04:26:06,Thursday,2005-06-03 10:06:06,8,19,1
180,2752,2005-05-26 04:46:23,Thursday,2005-06-01 09:58:23,6,75,1
181,2417,2005-05-26 04:47:06,Thursday,2005-05-29 06:34:06,3,587,2
182,4396,2005-05-26 04:49:17,Thursday,2005-06-01 05:43:17,6,237,2
183,2877,2005-05-26 05:01:18,Thursday,2005-06-01 09:04:18,6,254,1
184,1970,2005-05-26 05:29:49,Thursday,2005-05-28 10:10:49,2,556,1
185,2598,2005-05-26 05:30:03,Thursday,2005-06-02 09:48:03,7,125,2
186,1799,2005-05-26 05:32:52,Thursday,2005-06-03 07:19:52,8,468,2
187,4004,2005-05-26 05:42:37,Thursday,2005-06-04 00:38:37,8,515,1
188,3342,2005-05-26 05:47:12,Thursday,2005-05-26 23:48:12,0,243,1
189,984,2005-05-26 06:01:41,Thursday,2005-05-27 06:11:41,1,247,1
190,3962,2005-05-26 06:11:28,Thursday,2005-06-01 09:44:28,6,533,1
191,4365,2005-05-26 06:14:06,Thursday,2005-05-28 05:33:06,1,412,1
192,1897,2005-05-26 06:20:37,Thursday,2005-06-02 10:57:37,7,437,1
193,3900,2005-05-26 06:41:48,Thursday,2005-05-30 06:21:48,3,270,2
194,1337,2005-05-26 06:52:33,Thursday,2005-05-30 04:08:33,3,29,2
195,506,2005-05-26 06:52:36,Thursday,2005-05-31 02:47:36,4,564,2
196,190,2005-05-26 06:55:58,Thursday,2005-05-27 10:54:58,1,184,1
197,4212,2005-05-26 06:59:21,Thursday,2005-06-03 05:04:21,7,546,2
198,1789,2005-05-26 07:03:49,Thursday,2005-06-04 11:45:49,9,54,1
199,2135,2005-05-26 07:11:58,Thursday,2005-05-28 09:06:58,2,71,1
200,3926,2005-05-26 07:12:21,Thursday,2005-05-31 12:07:21,5,321,1
201,776,2005-05-26 07:13:45,Thursday,2005-06-04 02:02:45,8,444,2
202,674,2005-05-26 07:27:36,Thursday,2005-06-02 03:52:36,6,20,1
203,3374,2005-05-26 07:27:57,Thursday,2005-06-03 12:52:57,8,109,1
204,1842,2005-05-26 07:30:37,Thursday,2005-05-30 08:11:37,4,528,1
205,303,2005-05-26 07:59:37,Thursday,2005-05-29 09:43:37,3,114,2
206,1717,2005-05-26 08:01:54,Thursday,2005-05-27 06:26:54,0,345,1
207,102,2005-05-26 08:04:38,Thursday,2005-05-27 09:32:38,1,47,2
208,3669,2005-05-26 08:10:22,Thursday,2005-05-27 03:55:22,0,274,1
209,729,2005-05-26 08:14:01,Thursday,2005-05-27 09:00:01,1,379,1
210,1801,2005-05-26 08:14:15,Thursday,2005-05-27 12:12:15,1,391,2
211,4005,2005-05-26 08:33:10,Thursday,2005-05-28 14:09:10,2,170,1
212,764,2005-05-26 08:34:41,Thursday,2005-05-30 12:46:41,4,59,2
213,1505,2005-05-26 08:44:08,Thursday,2005-05-31 12:33:08,5,394,2
214,1453,2005-05-26 08:48:49,Thursday,2005-05-31 04:06:49,4,98,2
215,679,2005-05-26 09:02:47,Thursday,2005-05-28 09:45:47,2,197,2
216,1398,2005-05-26 09:17:43,Thursday,2005-06-03 08:21:43,7,91,1
217,4395,2005-05-26 09:24:26,Thursday,2005-05-31 03:24:26,4,121,2
218,2291,2005-05-26 09:27:09,Thursday,2005-06-04 11:53:09,9,309,2
219,3074,2005-05-26 09:41:45,Thursday,2005-05-28 04:40:45,1,489,1
220,1259,2005-05-26 10:06:49,Thursday,2005-06-01 07:43:49,5,542,1
221,3578,2005-05-26 10:14:09,Thursday,2005-05-29 05:57:09,2,143,1
222,2745,2005-05-26 10:14:38,Thursday,2005-05-31 08:36:38,4,83,2
223,3121,2005-05-26 10:15:23,Thursday,2005-05-30 11:43:23,4,460,1
224,4285,2005-05-26 10:18:27,Thursday,2005-06-04 06:59:27,8,318,1
225,651,2005-05-26 10:27:50,Thursday,2005-06-01 07:01:50,5,467,2
226,4181,2005-05-26 10:44:04,Thursday,2005-05-31 13:26:04,5,221,2
227,214,2005-05-26 10:51:46,Thursday,2005-05-30 07:24:46,3,301,1
228,511,2005-05-26 10:54:28,Thursday,2005-06-04 09:39:28,8,571,1
229,1131,2005-05-26 11:19:20,Thursday,2005-05-31 11:56:20,5,312,2
230,1085,2005-05-26 11:31:50,Thursday,2005-05-30 15:22:50,4,58,1
231,4032,2005-05-26 11:31:59,Thursday,2005-05-27 07:27:59,0,365,1
232,2945,2005-05-26 11:38:05,Thursday,2005-05-27 08:42:05,0,256,2
233,715,2005-05-26 11:43:44,Thursday,2005-05-28 17:28:44,2,531,2
234,1321,2005-05-26 11:47:20,Thursday,2005-06-03 10:39:20,7,566,2
235,3537,2005-05-26 11:51:09,Thursday,2005-06-04 09:36:09,8,119,1
236,1265,2005-05-26 11:53:49,Thursday,2005-05-28 13:55:49,2,446,1
237,241,2005-05-26 12:15:13,Thursday,2005-05-29 18:10:13,3,536,1
238,503,2005-05-26 12:30:22,Thursday,2005-05-27 06:49:22,0,211,1
239,131,2005-05-26 12:30:26,Thursday,2005-06-01 13:26:26,6,49,2
240,3420,2005-05-26 12:40:23,Thursday,2005-06-04 07:22:23,8,103,1
241,4438,2005-05-26 12:49:01,Thursday,2005-05-28 11:43:01,1,245,2
242,2095,2005-05-26 13:05:08,Thursday,2005-06-02 15:26:08,7,214,1
243,1721,2005-05-26 13:06:05,Thursday,2005-06-03 17:28:05,8,543,2
244,1041,2005-05-26 13:40:40,Thursday,2005-05-31 11:58:40,4,257,1
245,3045,2005-05-26 13:46:59,Thursday,2005-05-27 09:58:59,0,158,2
246,2829,2005-05-26 13:57:07,Thursday,2005-05-29 10:12:07,2,240,2
247,4095,2005-05-26 14:01:05,Thursday,2005-05-28 13:38:05,1,102,2
248,1913,2005-05-26 14:07:58,Thursday,2005-05-31 14:03:58,4,545,2
249,2428,2005-05-26 14:19:09,Thursday,2005-05-28 17:47:09,2,472,2
250,368,2005-05-26 14:30:24,Thursday,2005-05-27 08:50:24,0,539,1
251,4352,2005-05-26 14:35:40,Thursday,2005-05-29 17:17:40,3,204,1
252,1203,2005-05-26 14:39:53,Thursday,2005-06-02 14:48:53,7,187,1
253,2969,2005-05-26 14:43:14,Thursday,2005-05-27 12:21:14,0,416,1
254,1835,2005-05-26 14:43:48,Thursday,2005-05-31 09:19:48,4,390,2
255,3264,2005-05-26 14:52:15,Thursday,2005-05-27 12:45:15,0,114,1
256,3194,2005-05-26 15:20:58,Thursday,2005-05-31 15:58:58,5,436,1
257,2570,2005-05-26 15:27:05,Thursday,2005-05-29 16:25:05,3,373,2
258,3534,2005-05-26 15:28:14,Thursday,2005-05-30 18:38:14,4,502,2
259,30,2005-05-26 15:32:46,Thursday,2005-06-04 15:27:46,8,482,2
260,435,2005-05-26 15:42:20,Thursday,2005-05-31 13:21:20,4,21,2
261,1369,2005-05-26 15:44:23,Thursday,2005-06-02 09:47:23,6,414,2
262,4261,2005-05-26 15:46:56,Thursday,2005-05-28 15:49:56,2,236,2
263,1160,2005-05-26 15:47:40,Thursday,2005-05-30 10:07:40,3,449,2
264,2069,2005-05-26 16:00:49,Thursday,2005-05-27 10:12:49,0,251,2
265,2276,2005-05-26 16:07:38,Thursday,2005-06-01 14:20:38,5,303,1
266,3303,2005-05-26 16:08:05,Thursday,2005-05-27 10:55:05,0,263,2
267,1206,2005-05-26 16:16:21,Thursday,2005-05-30 16:53:21,4,417,2
268,1714,2005-05-26 16:19:08,Thursday,2005-05-27 14:35:08,0,75,1
269,3501,2005-05-26 16:19:46,Thursday,2005-05-27 15:59:46,0,322,2
270,207,2005-05-26 16:20:56,Thursday,2005-06-03 12:40:56,7,200,2
271,2388,2005-05-26 16:22:01,Thursday,2005-06-03 17:30:01,8,92,2
272,971,2005-05-26 16:27:11,Thursday,2005-06-03 13:10:11,7,71,2
273,1590,2005-05-26 16:29:36,Thursday,2005-05-29 18:49:36,3,193,2
274,656,2005-05-26 16:48:51,Thursday,2005-06-03 18:17:51,8,311,1
275,1718,2005-05-26 17:09:53,Thursday,2005-06-04 22:35:53,9,133,1
276,1221,2005-05-26 17:16:07,Thursday,2005-06-03 12:59:07,7,58,1
277,1409,2005-05-26 17:32:11,Thursday,2005-05-28 22:54:11,2,45,1
278,182,2005-05-26 17:40:58,Thursday,2005-06-02 16:43:58,6,214,2
279,661,2005-05-26 18:02:50,Thursday,2005-06-03 18:48:50,8,384,2
280,1896,2005-05-26 18:36:58,Thursday,2005-05-27 23:42:58,1,167,1
281,1208,2005-05-26 18:49:35,Thursday,2005-05-27 18:11:35,0,582,2
282,4486,2005-05-26 18:56:26,Thursday,2005-06-01 16:32:26,5,282,2
283,3530,2005-05-26 19:05:05,Thursday,2005-05-31 19:19:05,5,242,1
284,350,2005-05-26 19:21:44,Thursday,2005-06-04 14:18:44,8,359,2
285,2486,2005-05-26 19:41:40,Thursday,2005-05-31 16:58:40,4,162,2
286,314,2005-05-26 19:44:51,Thursday,2005-06-04 18:00:51,8,371,2
287,3631,2005-05-26 19:44:54,Thursday,2005-06-02 01:10:54,6,17,1
288,3546,2005-05-26 19:47:49,Thursday,2005-06-03 20:53:49,8,82,2
289,2449,2005-05-26 20:01:09,Thursday,2005-05-28 15:09:09,1,81,1
290,2776,2005-05-26 20:08:33,Thursday,2005-05-30 00:32:33,3,429,1
291,485,2005-05-26 20:20:47,Thursday,2005-06-03 02:06:47,7,577,2
292,4264,2005-05-26 20:22:12,Thursday,2005-06-05 00:58:12,9,515,1
293,1828,2005-05-26 20:27:02,Thursday,2005-06-03 16:45:02,7,158,2
294,2751,2005-05-26 20:29:57,Thursday,2005-05-28 17:20:57,1,369,1
295,4030,2005-05-26 20:33:20,Thursday,2005-05-27 18:23:20,0,65,2
296,3878,2005-05-26 20:35:19,Thursday,2005-06-04 02:31:19,8,468,2
297,1594,2005-05-26 20:48:48,Thursday,2005-05-27 19:52:48,0,48,2
298,1083,2005-05-26 20:52:26,Thursday,2005-05-29 22:08:26,3,460,2
299,4376,2005-05-26 20:55:36,Thursday,2005-05-28 00:25:36,1,448,2
300,249,2005-05-26 20:57:00,Thursday,2005-06-05 01:34:00,9,47,2
301,3448,2005-05-26 21:06:14,Thursday,2005-06-01 01:54:14,5,274,2
302,2921,2005-05-26 21:13:46,Thursday,2005-06-03 15:49:46,7,387,2
303,1111,2005-05-26 21:16:52,Thursday,2005-05-27 23:41:52,1,596,2
304,1701,2005-05-26 21:21:28,Thursday,2005-06-02 00:05:28,6,534,1
305,2665,2005-05-26 21:22:07,Thursday,2005-06-02 22:33:07,7,464,2
306,2781,2005-05-26 21:31:57,Thursday,2005-05-28 19:37:57,1,547,1
307,1097,2005-05-26 21:48:13,Thursday,2005-06-04 22:24:13,9,375,1
308,187,2005-05-26 22:01:39,Thursday,2005-06-04 20:24:39,8,277,2
309,1946,2005-05-26 22:38:10,Thursday,2005-06-02 03:10:10,6,251,2
310,593,2005-05-26 22:41:07,Thursday,2005-06-02 04:09:07,6,409,1
311,2830,2005-05-26 22:51:37,Thursday,2005-06-01 00:02:37,5,201,1
312,2008,2005-05-26 22:52:19,Thursday,2005-06-02 18:14:19,6,143,2
313,4156,2005-05-26 22:56:19,Thursday,2005-05-29 01:29:19,2,594,2
314,2851,2005-05-26 23:09:41,Thursday,2005-05-28 22:49:41,1,203,2
315,2847,2005-05-26 23:12:55,Thursday,2005-05-29 23:33:55,3,238,1
316,3828,2005-05-26 23:22:55,Thursday,2005-05-29 23:25:55,3,249,2
317,26,2005-05-26 23:23:56,Thursday,2005-06-01 19:56:56,5,391,2
318,2559,2005-05-26 23:37:39,Thursday,2005-06-03 04:31:39,7,60,2
319,3024,2005-05-26 23:52:13,Thursday,2005-05-30 18:55:13,3,77,1
320,1090,2005-05-27 00:09:24,Friday,2005-05-28 04:30:24,1,2,2
322,4556,2005-05-27 00:47:35,Friday,2005-06-02 00:32:35,5,496,1
323,2362,2005-05-27 00:49:27,Friday,2005-05-30 03:12:27,3,144,1
324,3364,2005-05-27 01:00:04,Friday,2005-05-30 04:27:04,3,292,1
325,2510,2005-05-27 01:09:55,Friday,2005-05-31 07:01:55,4,449,2
326,3979,2005-05-27 01:10:11,Friday,2005-06-04 20:25:11,8,432,2
327,2678,2005-05-27 01:18:57,Friday,2005-06-04 04:06:57,8,105,1
328,2524,2005-05-27 01:29:31,Friday,2005-06-01 02:27:31,5,451,1
329,2659,2005-05-27 01:57:14,Friday,2005-05-31 04:19:14,4,231,2
330,1536,2005-05-27 02:15:30,Friday,2005-06-04 05:09:30,8,248,2
331,1872,2005-05-27 02:22:26,Friday,2005-06-05 00:25:26,8,67,1
332,1529,2005-05-27 02:27:10,Friday,2005-06-03 01:26:10,6,299,2
333,4001,2005-05-27 02:52:21,Friday,2005-06-01 00:55:21,4,412,2
334,3973,2005-05-27 03:03:07,Friday,2005-05-29 03:54:07,2,194,1
335,1411,2005-05-27 03:07:10,Friday,2005-06-05 00:15:10,8,16,2
336,1811,2005-05-27 03:15:23,Friday,2005-05-29 22:43:23,2,275,1
337,751,2005-05-27 03:22:30,Friday,2005-06-02 03:27:30,6,19,1
338,2596,2005-05-27 03:42:52,Friday,2005-06-01 05:23:52,5,165,2
339,2410,2005-05-27 03:47:18,Friday,2005-06-04 05:46:18,8,516,2
340,946,2005-05-27 03:55:25,Friday,2005-06-04 07:57:25,8,209,2
341,4168,2005-05-27 04:01:42,Friday,2005-06-05 08:51:42,9,56,1
342,4019,2005-05-27 04:11:04,Friday,2005-05-29 01:28:04,1,539,2
343,3301,2005-05-27 04:13:41,Friday,2005-05-28 08:34:41,1,455,1
344,2327,2005-05-27 04:30:22,Friday,2005-05-29 10:13:22,2,236,2
345,1396,2005-05-27 04:32:25,Friday,2005-05-31 09:50:25,4,144,1
346,4319,2005-05-27 04:34:41,Friday,2005-06-05 04:24:41,8,14,2
347,1625,2005-05-27 04:40:33,Friday,2005-05-28 09:56:33,1,378,2
348,1825,2005-05-27 04:50:56,Friday,2005-06-01 04:43:56,4,473,1
349,2920,2005-05-27 04:53:11,Friday,2005-05-28 06:33:11,1,36,2
350,2756,2005-05-27 05:01:28,Friday,2005-06-04 05:01:28,8,9,2
351,3371,2005-05-27 05:39:03,Friday,2005-06-01 11:10:03,5,118,1
352,4369,2005-05-27 05:48:19,Friday,2005-05-29 09:05:19,2,157,1
353,3989,2005-05-27 06:03:39,Friday,2005-06-03 04:39:39,6,503,2
354,2058,2005-05-27 06:12:26,Friday,2005-06-01 06:48:26,5,452,1
355,141,2005-05-27 06:15:33,Friday,2005-06-01 02:50:33,4,446,2
356,2868,2005-05-27 06:32:30,Friday,2005-05-30 06:24:30,2,382,2
357,4417,2005-05-27 06:37:15,Friday,2005-05-30 07:04:15,3,198,2
358,1925,2005-05-27 06:43:59,Friday,2005-05-29 11:28:59,2,102,2
359,1156,2005-05-27 06:48:33,Friday,2005-05-29 03:55:33,1,152,1
360,3489,2005-05-27 06:51:14,Friday,2005-06-03 01:58:14,6,594,1
361,6,2005-05-27 07:03:28,Friday,2005-05-31 08:01:28,4,587,1
362,2324,2005-05-27 07:10:25,Friday,2005-06-01 08:34:25,5,147,1
363,4282,2005-05-27 07:14:00,Friday,2005-05-28 12:22:00,1,345,2
364,833,2005-05-27 07:20:12,Friday,2005-05-31 10:44:12,4,430,2
365,2887,2005-05-27 07:31:20,Friday,2005-06-04 04:46:20,7,167,1
366,360,2005-05-27 07:33:54,Friday,2005-06-04 01:55:54,7,134,2
367,3437,2005-05-27 07:37:02,Friday,2005-05-30 05:43:02,2,439,2
368,1247,2005-05-27 07:42:29,Friday,2005-06-04 11:20:29,8,361,2
369,944,2005-05-27 07:46:49,Friday,2005-06-01 06:20:49,4,508,2
370,3347,2005-05-27 07:49:43,Friday,2005-06-05 06:39:43,8,22,2
371,1235,2005-05-27 08:08:18,Friday,2005-06-05 03:05:18,8,295,2
372,4089,2005-05-27 08:13:58,Friday,2005-06-04 03:50:58,7,510,2
373,1649,2005-05-27 08:16:25,Friday,2005-06-01 11:41:25,5,464,1
374,4420,2005-05-27 08:26:30,Friday,2005-06-05 07:13:30,8,337,1
375,1815,2005-05-27 08:49:21,Friday,2005-06-04 14:11:21,8,306,1
376,3197,2005-05-27 08:58:15,Friday,2005-06-02 04:48:15,5,542,1
377,3012,2005-05-27 09:04:05,Friday,2005-06-02 03:36:05,5,170,2
378,2242,2005-05-27 09:23:22,Friday,2005-05-29 15:20:22,2,53,1
379,3462,2005-05-27 09:25:32,Friday,2005-06-02 06:19:32,5,584,1
380,1777,2005-05-27 09:34:39,Friday,2005-06-04 11:45:39,8,176,1
381,2748,2005-05-27 09:43:25,Friday,2005-05-31 12:00:25,4,371,1
382,4358,2005-05-27 10:12:00,Friday,2005-05-31 15:03:00,4,183,1
383,955,2005-05-27 10:12:20,Friday,2005-06-03 10:37:20,7,298,1
384,910,2005-05-27 10:18:20,Friday,2005-06-02 09:21:20,5,371,2
385,1565,2005-05-27 10:23:25,Friday,2005-05-30 15:27:25,3,213,2
386,1288,2005-05-27 10:26:31,Friday,2005-05-30 08:32:31,2,109,1
387,2684,2005-05-27 10:35:27,Friday,2005-06-01 13:37:27,5,506,2
388,434,2005-05-27 10:37:27,Friday,2005-05-30 05:45:27,2,28,1
389,691,2005-05-27 10:45:41,Friday,2005-06-05 06:22:41,8,500,2
390,3759,2005-05-27 11:02:26,Friday,2005-06-02 16:09:26,6,48,2
391,2193,2005-05-27 11:03:55,Friday,2005-06-01 11:59:55,5,197,2
392,263,2005-05-27 11:14:42,Friday,2005-06-01 14:28:42,5,359,2
393,145,2005-05-27 11:18:25,Friday,2005-05-28 07:10:25,0,251,2
394,1890,2005-05-27 11:26:11,Friday,2005-06-03 16:44:11,7,274,2
395,752,2005-05-27 11:45:49,Friday,2005-05-31 13:42:49,4,575,1
396,1020,2005-05-27 11:47:04,Friday,2005-05-29 10:14:04,1,112,1
397,4193,2005-05-27 12:29:02,Friday,2005-05-28 17:36:02,1,544,2
398,1686,2005-05-27 12:44:03,Friday,2005-06-02 08:19:03,5,422,1
399,553,2005-05-27 12:48:38,Friday,2005-05-29 15:27:38,2,204,1
400,258,2005-05-27 12:51:44,Friday,2005-05-31 08:34:44,3,249,2
401,2179,2005-05-27 12:57:55,Friday,2005-05-29 17:55:55,2,46,2
402,461,2005-05-27 13:17:18,Friday,2005-05-30 08:53:18,2,354,2
403,3983,2005-05-27 13:28:52,Friday,2005-05-29 11:47:52,1,424,2
404,1293,2005-05-27 13:31:51,Friday,2005-05-30 16:58:51,3,168,1
405,4090,2005-05-27 13:32:39,Friday,2005-06-05 18:53:39,9,272,2
406,2136,2005-05-27 13:46:46,Friday,2005-05-30 12:43:46,2,381,1
407,1077,2005-05-27 13:57:38,Friday,2005-05-31 18:23:38,4,44,1
408,1438,2005-05-27 13:57:39,Friday,2005-05-28 11:57:39,0,84,1
409,3652,2005-05-27 14:10:58,Friday,2005-06-02 10:40:58,5,220,2
410,4010,2005-05-27 14:11:22,Friday,2005-06-02 20:06:22,6,506,2
411,1434,2005-05-27 14:14:14,Friday,2005-06-03 17:39:14,7,388,1
412,1400,2005-05-27 14:17:23,Friday,2005-05-29 15:07:23,2,375,2
413,3516,2005-05-27 14:45:37,Friday,2005-06-03 11:11:37,6,307,1
414,1019,2005-05-27 14:48:20,Friday,2005-05-31 14:39:20,3,219,2
415,3698,2005-05-27 14:51:45,Friday,2005-05-28 19:07:45,1,304,2
416,2371,2005-05-27 15:02:10,Friday,2005-05-29 10:34:10,1,222,2
417,2253,2005-05-27 15:07:27,Friday,2005-05-29 20:01:27,2,475,2
418,3063,2005-05-27 15:13:17,Friday,2005-06-04 12:05:17,7,151,2
419,2514,2005-05-27 15:15:11,Friday,2005-06-02 11:53:11,5,77,1
420,619,2005-05-27 15:19:38,Friday,2005-06-03 15:07:38,6,93,2
421,2985,2005-05-27 15:30:13,Friday,2005-06-04 13:19:13,7,246,2
422,1152,2005-05-27 15:31:55,Friday,2005-06-01 11:47:55,4,150,2
423,1783,2005-05-27 15:32:57,Friday,2005-06-02 19:03:57,6,284,1
424,2815,2005-05-27 15:34:01,Friday,2005-06-05 09:44:01,8,35,1
425,1518,2005-05-27 15:51:30,Friday,2005-06-03 16:52:30,7,182,2
426,1103,2005-05-27 15:56:57,Friday,2005-06-05 11:45:57,8,522,1
427,1677,2005-05-27 16:10:04,Friday,2005-06-05 13:22:04,8,288,2
428,3349,2005-05-27 16:10:58,Friday,2005-05-31 17:24:58,4,161,2
429,129,2005-05-27 16:21:26,Friday,2005-06-05 20:23:26,9,498,2
430,1920,2005-05-27 16:22:10,Friday,2005-06-05 13:10:10,8,190,1
431,4507,2005-05-27 16:31:05,Friday,2005-06-05 11:29:05,8,334,1
432,1119,2005-05-27 16:40:29,Friday,2005-05-29 16:20:29,1,46,1
433,4364,2005-05-27 16:40:40,Friday,2005-05-30 19:55:40,3,574,2
434,3360,2005-05-27 16:54:27,Friday,2005-06-04 22:26:27,8,246,1
435,3328,2005-05-27 17:17:09,Friday,2005-06-02 11:20:09,5,3,2
436,4317,2005-05-27 17:21:04,Friday,2005-05-30 21:26:04,3,267,2
437,1800,2005-05-27 17:47:22,Friday,2005-06-05 14:22:22,8,525,2
438,4260,2005-05-27 17:52:34,Friday,2005-06-05 22:23:34,9,249,2
439,354,2005-05-27 17:54:48,Friday,2005-06-02 23:01:48,6,319,2
440,4452,2005-05-27 18:00:35,Friday,2005-05-29 16:15:35,1,314,1
441,1578,2005-05-27 18:11:05,Friday,2005-05-30 22:45:05,3,54,1
442,1457,2005-05-27 18:12:13,Friday,2005-05-30 12:30:13,2,403,2
443,2021,2005-05-27 18:35:20,Friday,2005-06-04 18:58:20,8,547,1
444,723,2005-05-27 18:39:15,Friday,2005-06-01 15:56:15,4,239,1
445,1757,2005-05-27 18:42:57,Friday,2005-05-30 22:35:57,3,293,2
446,1955,2005-05-27 18:48:41,Friday,2005-06-03 16:42:41,6,401,2
447,3890,2005-05-27 18:57:02,Friday,2005-06-05 18:38:02,8,133,1
448,2671,2005-05-27 19:03:08,Friday,2005-06-03 20:28:08,7,247,2
449,2469,2005-05-27 19:13:15,Friday,2005-06-04 01:08:15,7,172,2
450,1343,2005-05-27 19:18:54,Friday,2005-06-05 23:52:54,9,247,1
451,205,2005-05-27 19:27:54,Friday,2005-05-29 01:07:54,1,87,2
452,2993,2005-05-27 19:30:33,Friday,2005-05-30 20:53:33,3,127,2
453,4425,2005-05-27 19:31:16,Friday,2005-05-29 23:06:16,2,529,1
454,3499,2005-05-27 19:31:36,Friday,2005-05-30 15:46:36,2,575,1
455,3344,2005-05-27 19:43:29,Friday,2005-06-04 23:40:29,8,343,2
456,1699,2005-05-27 19:50:06,Friday,2005-06-02 22:14:06,6,92,1
457,2368,2005-05-27 19:52:29,Friday,2005-06-02 17:17:29,5,300,2
458,3350,2005-05-27 19:58:36,Friday,2005-06-06 00:51:36,9,565,1
459,597,2005-05-27 20:00:04,Friday,2005-05-29 22:47:04,2,468,1
460,4238,2005-05-27 20:02:03,Friday,2005-05-28 16:14:03,0,240,1
461,2077,2005-05-27 20:08:55,Friday,2005-06-01 14:32:55,4,447,1
462,2314,2005-05-27 20:10:36,Friday,2005-06-03 21:12:36,7,364,2
463,826,2005-05-27 20:11:47,Friday,2005-06-04 21:18:47,8,21,1
464,1313,2005-05-27 20:42:44,Friday,2005-05-30 00:49:44,2,193,2
465,20,2005-05-27 20:44:36,Friday,2005-06-02 02:43:36,5,261,1
466,1786,2005-05-27 20:57:07,Friday,2005-05-29 15:52:07,1,442,1
467,339,2005-05-27 21:10:03,Friday,2005-06-01 16:08:03,4,557,1
468,2656,2005-05-27 21:13:10,Friday,2005-06-04 15:26:10,7,101,2
469,4463,2005-05-27 21:14:26,Friday,2005-06-05 21:51:26,9,154,1
470,1613,2005-05-27 21:17:08,Friday,2005-06-04 17:47:08,7,504,1
471,2872,2005-05-27 21:32:42,Friday,2005-05-31 00:39:42,3,209,2
472,1338,2005-05-27 21:36:15,Friday,2005-05-29 21:07:15,1,528,1
473,802,2005-05-27 21:36:34,Friday,2005-06-05 17:02:34,8,105,1
474,1474,2005-05-27 22:11:56,Friday,2005-05-31 19:07:56,3,274,1
475,2520,2005-05-27 22:16:26,Friday,2005-05-28 19:58:26,0,159,1
476,2451,2005-05-27 22:31:36,Friday,2005-06-03 19:12:36,6,543,1
477,2437,2005-05-27 22:33:33,Friday,2005-06-02 18:35:33,5,161,2
478,424,2005-05-27 22:38:20,Friday,2005-05-31 18:39:20,3,557,2
479,2060,2005-05-27 22:39:10,Friday,2005-06-05 22:46:10,9,231,2
480,2108,2005-05-27 22:47:39,Friday,2005-06-04 21:17:39,7,220,2
481,72,2005-05-27 22:49:27,Friday,2005-05-30 17:46:27,2,445,2
482,4178,2005-05-27 22:53:02,Friday,2005-06-01 22:53:02,5,546,2
483,1510,2005-05-27 23:00:25,Friday,2005-05-28 21:30:25,0,32,1
484,3115,2005-05-27 23:26:45,Friday,2005-05-29 21:16:45,1,491,2
485,2392,2005-05-27 23:40:52,Friday,2005-05-28 22:40:52,0,105,2
486,1822,2005-05-27 23:51:12,Friday,2005-05-28 20:26:12,0,398,1
487,3774,2005-05-28 00:00:30,Saturday,2005-05-28 19:18:30,0,569,2
488,393,2005-05-28 00:07:50,Saturday,2005-06-03 22:30:50,6,168,2
489,1940,2005-05-28 00:09:12,Saturday,2005-05-31 04:44:12,3,476,2
490,3524,2005-05-28 00:09:56,Saturday,2005-05-30 22:32:56,2,95,2
491,1326,2005-05-28 00:13:35,Saturday,2005-05-29 00:11:35,0,196,2
492,1999,2005-05-28 00:24:58,Saturday,2005-05-28 22:34:58,0,228,1
493,184,2005-05-28 00:34:11,Saturday,2005-05-30 18:40:11,2,501,1
494,1850,2005-05-28 00:39:31,Saturday,2005-06-02 19:35:31,5,64,1
495,1007,2005-05-28 00:40:48,Saturday,2005-05-29 06:07:48,1,526,1
496,1785,2005-05-28 00:43:41,Saturday,2005-06-04 03:56:41,7,56,1
497,2636,2005-05-28 00:54:39,Saturday,2005-06-03 20:47:39,6,20,2
498,458,2005-05-28 01:01:21,Saturday,2005-05-30 21:20:21,2,287,2
499,2381,2005-05-28 01:05:07,Saturday,2005-06-05 19:54:07,8,199,2
500,4500,2005-05-28 01:05:25,Saturday,2005-05-31 20:04:25,3,145,1
501,601,2005-05-28 01:09:36,Saturday,2005-05-30 06:14:36,2,162,2
502,3131,2005-05-28 01:34:43,Saturday,2005-05-31 01:02:43,2,179,2
503,3005,2005-05-28 01:35:25,Saturday,2005-05-28 22:12:25,0,288,2
504,2086,2005-05-28 02:05:34,Saturday,2005-05-30 23:03:34,2,170,1
505,71,2005-05-28 02:06:37,Saturday,2005-05-29 06:57:37,1,111,1
506,667,2005-05-28 02:09:19,Saturday,2005-06-05 20:34:19,8,469,1
507,3621,2005-05-28 02:31:19,Saturday,2005-06-02 05:07:19,5,421,2
508,4179,2005-05-28 02:40:50,Saturday,2005-06-05 03:05:50,8,434,1
509,3416,2005-05-28 02:51:12,Saturday,2005-05-31 06:27:12,3,147,1
510,4338,2005-05-28 02:52:14,Saturday,2005-05-30 21:20:14,2,113,2
511,3827,2005-05-28 03:04:04,Saturday,2005-06-03 04:58:04,6,296,1
512,2176,2005-05-28 03:07:50,Saturday,2005-06-05 02:12:50,7,231,2
513,225,2005-05-28 03:08:10,Saturday,2005-05-29 07:22:10,1,489,1
514,1697,2005-05-28 03:09:28,Saturday,2005-06-05 00:49:28,7,597,2
515,3369,2005-05-28 03:10:10,Saturday,2005-06-04 02:18:10,6,110,2
516,4357,2005-05-28 03:11:47,Saturday,2005-06-04 02:19:47,6,400,1
517,234,2005-05-28 03:17:57,Saturday,2005-05-29 06:33:57,1,403,1
518,4087,2005-05-28 03:18:02,Saturday,2005-05-30 05:32:02,2,480,1
519,3564,2005-05-28 03:22:33,Saturday,2005-06-03 05:06:33,6,245,1
520,3845,2005-05-28 03:27:37,Saturday,2005-06-04 05:47:37,7,161,1
521,2397,2005-05-28 03:32:22,Saturday,2005-05-28 22:37:22,0,374,1
522,3195,2005-05-28 03:33:20,Saturday,2005-05-31 04:23:20,3,382,1
523,1905,2005-05-28 03:53:26,Saturday,2005-05-31 05:58:26,3,138,2
524,1962,2005-05-28 03:57:28,Saturday,2005-05-31 05:20:28,3,223,1
525,1817,2005-05-28 04:25:33,Saturday,2005-06-06 04:18:33,8,14,1
526,1387,2005-05-28 04:27:37,Saturday,2005-05-30 07:52:37,2,408,1
527,266,2005-05-28 04:28:38,Saturday,2005-06-02 08:19:38,5,169,1
528,1655,2005-05-28 04:30:05,Saturday,2005-06-03 10:01:05,6,359,2
529,2624,2005-05-28 04:34:17,Saturday,2005-05-30 00:35:17,1,469,1
530,3332,2005-05-28 05:13:01,Saturday,2005-06-01 10:21:01,4,312,2
531,1113,2005-05-28 05:23:38,Saturday,2005-05-29 08:00:38,1,589,2
532,2793,2005-05-28 05:36:58,Saturday,2005-06-02 01:50:58,4,120,1
533,4306,2005-05-28 06:14:46,Saturday,2005-06-01 06:26:46,4,528,2
534,992,2005-05-28 06:15:25,Saturday,2005-06-06 07:51:25,9,184,1
535,4209,2005-05-28 06:16:32,Saturday,2005-05-31 02:48:32,2,307,1
536,2962,2005-05-28 06:17:33,Saturday,2005-06-03 10:02:33,6,514,2
537,3095,2005-05-28 06:20:55,Saturday,2005-06-05 11:48:55,8,315,2
538,2262,2005-05-28 06:21:05,Saturday,2005-06-02 01:22:05,4,110,2
539,3427,2005-05-28 06:26:16,Saturday,2005-05-30 02:02:16,1,161,1
540,3321,2005-05-28 06:40:25,Saturday,2005-06-06 00:47:25,8,119,1
541,1662,2005-05-28 06:41:58,Saturday,2005-06-02 09:12:58,5,535,2
542,4444,2005-05-28 06:42:13,Saturday,2005-06-03 09:05:13,6,261,1
543,530,2005-05-28 06:43:34,Saturday,2005-06-06 07:16:34,9,493,2
544,2964,2005-05-28 07:03:00,Saturday,2005-06-06 06:23:00,8,311,1
545,1086,2005-05-28 07:10:20,Saturday,2005-06-04 01:47:20,6,54,2
546,487,2005-05-28 07:16:25,Saturday,2005-06-01 08:36:25,4,20,1
547,2065,2005-05-28 07:24:28,Saturday,2005-06-06 01:31:28,8,506,2
548,3704,2005-05-28 07:34:56,Saturday,2005-06-05 03:14:56,7,450,2
549,1818,2005-05-28 07:35:37,Saturday,2005-06-02 09:08:37,5,159,1
550,3632,2005-05-28 07:39:16,Saturday,2005-06-06 12:20:16,9,432,2
551,3119,2005-05-28 07:44:18,Saturday,2005-06-02 12:55:18,5,315,2
552,23,2005-05-28 07:53:38,Saturday,2005-06-04 12:45:38,7,106,2
553,1349,2005-05-28 08:14:44,Saturday,2005-06-02 03:01:44,4,176,2
554,1951,2005-05-28 08:23:16,Saturday,2005-05-31 03:29:16,2,376,2
555,4397,2005-05-28 08:31:14,Saturday,2005-05-30 07:34:14,1,55,2
556,1814,2005-05-28 08:31:36,Saturday,2005-06-06 07:29:36,8,22,2
557,158,2005-05-28 08:36:22,Saturday,2005-06-03 10:42:22,6,444,2
558,4163,2005-05-28 08:38:43,Saturday,2005-06-06 13:52:43,9,442,1
559,1227,2005-05-28 08:39:02,Saturday,2005-06-05 08:38:02,7,572,2
560,644,2005-05-28 08:53:02,Saturday,2005-06-04 12:27:02,7,463,2
561,928,2005-05-28 08:54:06,Saturday,2005-06-05 05:54:06,7,77,1
562,3390,2005-05-28 09:01:21,Saturday,2005-06-02 05:26:21,4,102,2
563,53,2005-05-28 09:10:49,Saturday,2005-06-06 11:32:49,9,324,1
564,2973,2005-05-28 09:12:09,Saturday,2005-05-29 05:07:09,0,282,1
565,1494,2005-05-28 09:26:31,Saturday,2005-06-01 07:28:31,3,288,1
566,4330,2005-05-28 09:51:39,Saturday,2005-06-05 09:35:39,7,253,1
567,3308,2005-05-28 09:56:20,Saturday,2005-06-01 06:41:20,3,184,2
568,2232,2005-05-28 09:57:36,Saturday,2005-05-31 15:44:36,3,155,1
569,4534,2005-05-28 10:12:41,Saturday,2005-06-03 10:08:41,5,56,2
570,1122,2005-05-28 10:15:04,Saturday,2005-05-30 08:32:04,1,21,1
571,4250,2005-05-28 10:17:41,Saturday,2005-06-05 07:56:41,7,516,1
572,1899,2005-05-28 10:30:13,Saturday,2005-06-02 05:04:13,4,337,2
573,4020,2005-05-28 10:35:23,Saturday,2005-06-03 06:32:23,5,1,1
574,3883,2005-05-28 10:44:28,Saturday,2005-06-04 11:42:28,7,76,1
575,4451,2005-05-28 10:56:09,Saturday,2005-06-05 15:39:09,8,142,1
576,1866,2005-05-28 10:56:10,Saturday,2005-06-04 13:15:10,7,588,2
577,375,2005-05-28 11:09:14,Saturday,2005-06-01 13:27:14,4,6,2
578,2938,2005-05-28 11:15:48,Saturday,2005-06-02 09:59:48,4,173,1
579,3481,2005-05-28 11:19:23,Saturday,2005-06-02 13:51:23,5,181,1
580,3515,2005-05-28 11:19:53,Saturday,2005-06-01 10:44:53,3,17,2
581,1380,2005-05-28 11:20:29,Saturday,2005-06-04 12:37:29,7,186,2
582,4579,2005-05-28 11:33:46,Saturday,2005-05-29 08:33:46,0,198,1
583,2679,2005-05-28 11:48:55,Saturday,2005-06-04 07:09:55,6,386,2
584,1833,2005-05-28 11:49:00,Saturday,2005-06-01 11:54:00,4,69,1
585,3544,2005-05-28 11:50:45,Saturday,2005-06-03 15:35:45,6,490,2
586,898,2005-05-28 12:03:00,Saturday,2005-05-29 13:16:00,1,77,1
587,1413,2005-05-28 12:05:33,Saturday,2005-05-30 13:45:33,2,64,2
588,95,2005-05-28 12:08:37,Saturday,2005-05-29 16:25:37,1,89,2
589,4231,2005-05-28 12:27:50,Saturday,2005-06-03 07:15:50,5,308,2
590,473,2005-05-28 13:06:50,Saturday,2005-06-02 09:18:50,4,462,1
591,377,2005-05-28 13:11:04,Saturday,2005-05-29 17:20:04,1,19,2
592,638,2005-05-28 13:21:08,Saturday,2005-05-29 16:55:08,1,244,1
593,1810,2005-05-28 13:33:23,Saturday,2005-05-30 17:10:23,2,16,2
594,2766,2005-05-28 13:41:56,Saturday,2005-05-30 12:00:56,1,538,1
595,595,2005-05-28 13:59:54,Saturday,2005-06-05 15:16:54,8,294,1
596,821,2005-05-28 14:00:03,Saturday,2005-05-29 17:10:03,1,589,1
597,4469,2005-05-28 14:01:02,Saturday,2005-06-06 19:06:02,9,249,2
598,599,2005-05-28 14:04:50,Saturday,2005-06-03 18:00:50,6,159,2
599,4136,2005-05-28 14:05:57,Saturday,2005-06-01 16:41:57,4,393,2
600,1567,2005-05-28 14:08:19,Saturday,2005-06-03 11:57:19,5,332,2
601,3225,2005-05-28 14:08:22,Saturday,2005-06-04 10:50:22,6,429,1
602,1300,2005-05-28 14:15:54,Saturday,2005-06-05 15:16:54,8,590,2
603,3248,2005-05-28 14:27:51,Saturday,2005-05-29 13:13:51,0,537,1
604,1585,2005-05-28 14:37:07,Saturday,2005-06-03 11:03:07,5,426,2
605,4232,2005-05-28 14:39:10,Saturday,2005-06-01 09:28:10,3,501,2
606,3509,2005-05-28 14:48:39,Saturday,2005-06-04 09:44:39,6,299,2
607,2561,2005-05-28 15:02:41,Saturday,2005-05-30 12:54:41,1,554,2
608,4254,2005-05-28 15:03:44,Saturday,2005-06-04 17:14:44,7,494,2
609,2944,2005-05-28 15:04:02,Saturday,2005-06-05 14:47:02,7,150,2
610,3642,2005-05-28 15:15:25,Saturday,2005-06-02 12:30:25,4,500,2
611,1230,2005-05-28 15:18:18,Saturday,2005-05-31 20:15:18,3,580,2
612,2180,2005-05-28 15:24:54,Saturday,2005-05-30 14:22:54,1,161,2
613,270,2005-05-28 15:27:22,Saturday,2005-06-02 20:01:22,5,595,1
614,280,2005-05-28 15:33:28,Saturday,2005-06-04 12:27:28,6,307,2
615,3397,2005-05-28 15:35:52,Saturday,2005-06-03 17:35:52,6,533,2
616,989,2005-05-28 15:45:39,Saturday,2005-06-02 09:55:39,4,471,1
617,4142,2005-05-28 15:49:14,Saturday,2005-05-31 14:29:14,2,372,2
618,4445,2005-05-28 15:50:07,Saturday,2005-06-01 19:45:07,4,248,1
619,2482,2005-05-28 15:52:26,Saturday,2005-06-06 17:55:26,9,407,2
620,2444,2005-05-28 15:54:45,Saturday,2005-06-04 20:26:45,7,321,1
621,1144,2005-05-28 15:58:12,Saturday,2005-05-30 21:54:12,2,239,1
622,2363,2005-05-28 15:58:22,Saturday,2005-06-04 10:13:22,6,109,1
623,1222,2005-05-28 16:01:28,Saturday,2005-05-30 11:19:28,1,495,1
624,3660,2005-05-28 16:13:22,Saturday,2005-06-06 20:35:22,9,569,1
625,2889,2005-05-28 16:35:46,Saturday,2005-06-01 14:19:46,3,596,1
626,452,2005-05-28 16:58:09,Saturday,2005-06-01 14:02:09,3,584,2
627,425,2005-05-28 17:04:43,Saturday,2005-06-04 19:58:43,7,241,2
628,2513,2005-05-28 17:05:46,Saturday,2005-06-06 16:29:46,8,173,2
629,1527,2005-05-28 17:19:15,Saturday,2005-06-02 20:01:15,5,94,2
630,1254,2005-05-28 17:24:51,Saturday,2005-06-05 20:05:51,8,417,2
631,2465,2005-05-28 17:36:32,Saturday,2005-06-03 14:56:32,5,503,2
632,1287,2005-05-28 17:37:50,Saturday,2005-06-03 16:04:50,5,442,1
633,58,2005-05-28 17:37:59,Saturday,2005-06-03 22:49:59,6,360,2
634,2630,2005-05-28 17:40:35,Saturday,2005-06-05 16:18:35,7,428,2
635,1648,2005-05-28 17:46:57,Saturday,2005-06-06 18:24:57,9,42,1
636,4213,2005-05-28 17:47:58,Saturday,2005-06-04 16:32:58,6,239,1
637,1581,2005-05-28 18:14:29,Saturday,2005-05-29 23:48:29,1,250,2
638,2685,2005-05-28 18:24:43,Saturday,2005-06-02 19:03:43,5,372,2
639,4204,2005-05-28 18:25:02,Saturday,2005-05-29 18:22:02,0,198,1
640,495,2005-05-28 18:43:26,Saturday,2005-05-30 13:39:26,1,465,1
641,3548,2005-05-28 18:45:47,Saturday,2005-06-04 15:24:47,6,396,1
642,140,2005-05-28 18:49:12,Saturday,2005-06-01 20:50:12,4,157,2
643,3105,2005-05-28 18:52:11,Saturday,2005-05-31 15:15:11,2,240,2
644,4304,2005-05-28 18:59:12,Saturday,2005-06-04 18:06:12,6,316,1
645,3128,2005-05-28 19:14:09,Saturday,2005-06-05 14:01:09,7,505,1
646,1922,2005-05-28 19:16:14,Saturday,2005-05-31 16:50:14,2,185,2
647,3435,2005-05-28 19:22:52,Saturday,2005-06-01 00:10:52,3,569,1
648,3476,2005-05-28 19:25:54,Saturday,2005-06-03 15:57:54,5,253,2
649,1781,2005-05-28 19:35:45,Saturday,2005-06-05 16:00:45,7,197,1
650,4384,2005-05-28 19:45:40,Saturday,2005-05-29 21:02:40,1,281,1
651,739,2005-05-28 19:46:50,Saturday,2005-05-30 16:29:50,1,266,1
652,1201,2005-05-28 20:08:47,Saturday,2005-05-29 14:57:47,0,43,2
653,126,2005-05-28 20:12:20,Saturday,2005-06-04 14:44:20,6,327,2
654,2312,2005-05-28 20:15:30,Saturday,2005-05-30 22:02:30,2,23,2
655,331,2005-05-28 20:16:20,Saturday,2005-05-31 16:46:20,2,287,2
656,2846,2005-05-28 20:18:24,Saturday,2005-05-30 16:19:24,1,437,1
657,848,2005-05-28 20:23:09,Saturday,2005-06-01 02:11:09,3,65,1
658,3226,2005-05-28 20:23:23,Saturday,2005-06-06 19:31:23,8,103,2
659,1382,2005-05-28 20:27:53,Saturday,2005-05-31 01:36:53,2,207,2
660,1414,2005-05-28 20:53:31,Saturday,2005-05-30 15:26:31,1,578,1
661,2247,2005-05-28 21:01:25,Saturday,2005-06-02 01:22:25,4,51,2
662,2968,2005-05-28 21:09:31,Saturday,2005-06-01 19:00:31,3,166,2
663,3997,2005-05-28 21:23:02,Saturday,2005-06-02 17:39:02,4,176,2
664,87,2005-05-28 21:31:08,Saturday,2005-06-02 20:56:08,4,523,2
665,1012,2005-05-28 21:38:39,Saturday,2005-05-29 21:37:39,0,415,1
666,3075,2005-05-28 21:48:51,Saturday,2005-06-05 16:45:51,7,437,2
667,797,2005-05-28 21:49:02,Saturday,2005-05-31 03:07:02,2,596,1
668,3528,2005-05-28 21:54:45,Saturday,2005-05-29 22:32:45,1,484,1
669,3677,2005-05-28 22:03:25,Saturday,2005-06-03 03:39:25,5,313,1
670,227,2005-05-28 22:04:03,Saturday,2005-06-06 22:43:03,9,201,2
671,1027,2005-05-28 22:04:30,Saturday,2005-06-03 01:21:30,5,14,2
672,697,2005-05-28 22:05:29,Saturday,2005-06-06 02:10:29,8,306,2
673,1769,2005-05-28 22:07:30,Saturday,2005-06-01 23:42:30,4,468,1
674,1150,2005-05-28 22:11:35,Saturday,2005-06-01 23:58:35,4,87,2
675,1273,2005-05-28 22:22:44,Saturday,2005-06-01 02:57:44,3,338,2
676,2329,2005-05-28 22:27:51,Saturday,2005-05-29 20:36:51,0,490,2
677,4558,2005-05-28 23:00:08,Saturday,2005-06-05 19:11:08,7,194,2
678,3741,2005-05-28 23:15:48,Saturday,2005-06-03 04:43:48,5,269,2
679,907,2005-05-28 23:24:57,Saturday,2005-06-06 21:59:57,8,526,2
680,4147,2005-05-28 23:27:26,Saturday,2005-06-02 02:28:26,4,482,2
681,3346,2005-05-28 23:39:44,Saturday,2005-06-01 01:42:44,3,531,1
682,3160,2005-05-28 23:53:18,Saturday,2005-05-29 19:14:18,0,148,2
683,2038,2005-05-29 00:09:48,Sunday,2005-06-02 04:27:48,4,197,1
684,3242,2005-05-29 00:13:15,Sunday,2005-06-04 21:26:15,6,461,2
685,1385,2005-05-29 00:17:51,Sunday,2005-06-05 05:32:51,7,172,2
686,2441,2005-05-29 00:27:10,Sunday,2005-05-30 02:29:10,1,411,1
687,1731,2005-05-29 00:32:09,Sunday,2005-05-31 23:53:09,2,250,1
688,4135,2005-05-29 00:45:24,Sunday,2005-06-02 01:30:24,4,162,1
689,742,2005-05-29 00:46:53,Sunday,2005-06-03 23:48:53,5,571,2
690,2646,2005-05-29 00:54:53,Sunday,2005-06-06 00:45:53,7,85,1
691,4034,2005-05-29 01:01:26,Sunday,2005-06-07 06:21:26,9,433,1
692,800,2005-05-29 01:32:10,Sunday,2005-06-02 03:54:10,4,18,2
693,635,2005-05-29 01:42:31,Sunday,2005-06-03 02:29:31,5,190,2
694,592,2005-05-29 01:49:43,Sunday,2005-06-05 06:52:43,7,399,1
695,4276,2005-05-29 01:50:53,Sunday,2005-06-03 02:28:53,5,528,1
696,2076,2005-05-29 01:59:10,Sunday,2005-06-01 02:45:10,3,19,1
697,3949,2005-05-29 02:04:04,Sunday,2005-06-04 00:47:04,5,387,2
698,1412,2005-05-29 02:10:52,Sunday,2005-06-01 21:52:52,3,109,1
699,130,2005-05-29 02:11:44,Sunday,2005-06-04 20:23:44,6,246,2
700,500,2005-05-29 02:18:54,Sunday,2005-05-30 05:54:54,1,117,1
701,372,2005-05-29 02:26:27,Sunday,2005-06-03 04:59:27,5,112,1
702,2556,2005-05-29 02:27:30,Sunday,2005-05-30 01:52:30,0,475,2
703,1123,2005-05-29 02:29:36,Sunday,2005-06-03 04:54:36,5,269,2
704,2628,2005-05-29 02:44:43,Sunday,2005-06-06 01:51:43,7,330,2
705,2809,2005-05-29 02:48:52,Sunday,2005-05-30 06:21:52,1,257,1
706,2278,2005-05-29 03:05:49,Sunday,2005-06-04 22:48:49,6,60,1
707,819,2005-05-29 03:18:19,Sunday,2005-05-30 02:45:19,0,252,1
708,3133,2005-05-29 03:23:47,Sunday,2005-05-31 21:27:47,2,127,2
709,2459,2005-05-29 03:48:01,Sunday,2005-06-06 05:21:01,8,479,1
710,194,2005-05-29 03:48:36,Sunday,2005-06-03 05:03:36,5,518,1
711,4581,2005-05-29 03:49:03,Sunday,2005-05-31 08:29:03,2,215,2
712,4191,2005-05-29 04:02:24,Sunday,2005-05-30 03:09:24,0,313,2
713,3664,2005-05-29 04:10:17,Sunday,2005-06-07 07:13:17,9,507,1
714,2010,2005-05-29 04:15:21,Sunday,2005-06-01 23:05:21,3,452,2
715,2030,2005-05-29 04:22:41,Sunday,2005-06-05 09:28:41,7,545,1
716,85,2005-05-29 04:35:29,Sunday,2005-06-01 07:42:29,3,36,2
717,1383,2005-05-29 04:37:44,Sunday,2005-05-30 05:48:44,1,412,2
718,1736,2005-05-29 04:52:23,Sunday,2005-06-02 02:27:23,3,498,1
719,267,2005-05-29 05:16:05,Sunday,2005-06-01 07:53:05,3,245,2
720,3687,2005-05-29 05:17:30,Sunday,2005-06-06 02:47:30,7,480,2
721,1116,2005-05-29 05:28:47,Sunday,2005-05-31 11:24:47,2,44,1
722,4540,2005-05-29 05:30:31,Sunday,2005-06-06 04:51:31,7,259,1
723,3407,2005-05-29 05:34:44,Sunday,2005-05-30 05:50:44,1,309,1
724,3770,2005-05-29 05:53:23,Sunday,2005-06-05 04:01:23,6,416,2
725,4088,2005-05-29 06:03:41,Sunday,2005-06-03 08:52:41,5,245,2
726,933,2005-05-29 06:05:29,Sunday,2005-06-05 04:40:29,6,452,2
727,1629,2005-05-29 06:08:15,Sunday,2005-05-30 07:16:15,1,484,1
728,242,2005-05-29 06:12:38,Sunday,2005-06-03 07:41:38,5,551,1
729,1688,2005-05-29 06:35:13,Sunday,2005-06-04 03:23:13,5,323,2
730,3473,2005-05-29 07:00:59,Sunday,2005-06-06 01:17:59,7,197,1
731,4124,2005-05-29 07:25:16,Sunday,2005-05-30 05:21:16,0,5,1
732,2530,2005-05-29 07:32:51,Sunday,2005-05-30 10:08:51,1,447,2
733,2951,2005-05-29 07:35:21,Sunday,2005-06-05 09:14:21,7,363,1
734,3084,2005-05-29 07:38:52,Sunday,2005-06-03 10:17:52,5,538,2
735,3421,2005-05-29 08:08:13,Sunday,2005-06-07 13:35:13,9,454,1
736,3689,2005-05-29 08:10:07,Sunday,2005-06-05 10:21:07,7,276,2
737,769,2005-05-29 08:11:31,Sunday,2005-06-04 11:18:31,6,589,2
738,2284,2005-05-29 08:20:08,Sunday,2005-06-06 08:59:08,8,256,2
739,1183,2005-05-29 08:28:18,Sunday,2005-06-06 09:21:18,8,84,2
740,600,2005-05-29 08:30:36,Sunday,2005-06-04 12:47:36,6,89,2
741,3189,2005-05-29 08:35:49,Sunday,2005-06-04 11:55:49,6,495,1
742,273,2005-05-29 08:36:30,Sunday,2005-06-05 11:30:30,7,483,1
743,2528,2005-05-29 08:39:02,Sunday,2005-06-06 08:42:02,8,548,2
744,3722,2005-05-29 09:13:08,Sunday,2005-06-01 07:05:08,2,420,2
745,581,2005-05-29 09:22:57,Sunday,2005-06-01 09:10:57,2,152,1
746,4272,2005-05-29 09:25:10,Sunday,2005-06-02 04:20:10,3,130,2
747,1993,2005-05-29 09:26:34,Sunday,2005-06-05 07:28:34,6,291,1
748,2803,2005-05-29 09:27:00,Sunday,2005-06-03 04:25:00,4,7,1
749,1146,2005-05-29 09:33:33,Sunday,2005-05-31 11:45:33,2,375,2
750,730,2005-05-29 09:41:40,Sunday,2005-05-30 13:31:40,1,269,1
751,2711,2005-05-29 09:55:43,Sunday,2005-06-02 04:54:43,3,53,1
752,1720,2005-05-29 10:14:15,Sunday,2005-06-04 06:30:15,5,126,1
753,1021,2005-05-29 10:16:42,Sunday,2005-06-05 08:52:42,6,135,2
754,734,2005-05-29 10:18:59,Sunday,2005-06-04 05:03:59,5,281,2
755,3090,2005-05-29 10:26:29,Sunday,2005-06-01 10:25:29,2,576,2
756,3152,2005-05-29 10:28:45,Sunday,2005-06-04 12:50:45,6,201,1
757,1067,2005-05-29 10:29:47,Sunday,2005-06-07 15:27:47,9,435,1
758,1191,2005-05-29 10:31:56,Sunday,2005-06-01 14:53:56,3,563,2
759,2367,2005-05-29 10:57:57,Sunday,2005-06-07 16:23:57,9,179,2
760,3250,2005-05-29 11:07:25,Sunday,2005-06-02 14:16:25,4,77,1
761,2342,2005-05-29 11:09:01,Sunday,2005-06-03 16:18:01,5,58,2
762,3683,2005-05-29 11:15:51,Sunday,2005-06-06 07:48:51,7,146,1
763,2022,2005-05-29 11:32:15,Sunday,2005-05-31 17:31:15,2,50,1
764,1069,2005-05-29 11:37:35,Sunday,2005-05-31 16:47:35,2,149,1
765,515,2005-05-29 11:38:34,Sunday,2005-06-02 17:04:34,4,69,1
766,2154,2005-05-29 11:47:02,Sunday,2005-06-06 07:14:02,7,383,1
767,687,2005-05-29 12:20:19,Sunday,2005-06-02 14:15:19,4,67,2
768,2895,2005-05-29 12:30:46,Sunday,2005-06-07 09:00:46,8,566,2
769,1523,2005-05-29 12:51:44,Sunday,2005-06-01 17:43:44,3,575,1
770,2491,2005-05-29 12:56:50,Sunday,2005-06-07 15:54:50,9,405,2
771,353,2005-05-29 12:59:14,Sunday,2005-06-01 16:05:14,3,476,2
772,3319,2005-05-29 13:08:06,Sunday,2005-06-06 08:19:06,7,556,1
773,245,2005-05-29 13:18:05,Sunday,2005-06-07 17:22:05,9,563,1
774,1188,2005-05-29 13:19:43,Sunday,2005-06-01 18:51:43,3,575,1
775,1197,2005-05-29 13:23:26,Sunday,2005-05-30 07:53:26,0,124,2
776,4339,2005-05-29 13:35:35,Sunday,2005-06-03 17:33:35,5,113,1
777,451,2005-05-29 14:07:58,Sunday,2005-06-03 08:41:58,4,360,2
778,1816,2005-05-29 14:09:53,Sunday,2005-06-05 20:05:53,7,535,1
779,533,2005-05-29 14:17:17,Sunday,2005-06-06 16:46:17,8,105,1
780,1919,2005-05-29 14:18:32,Sunday,2005-06-06 20:14:32,8,300,1
781,88,2005-05-29 14:23:58,Sunday,2005-05-30 17:44:58,1,313,1
782,2255,2005-05-29 14:38:57,Sunday,2005-06-02 13:18:57,3,596,2
783,3046,2005-05-29 14:41:18,Sunday,2005-06-06 10:39:18,7,53,2
784,2936,2005-05-29 14:44:22,Sunday,2005-06-01 17:28:22,3,352,2
785,39,2005-05-29 15:08:41,Sunday,2005-05-30 15:51:41,1,72,1
786,2637,2005-05-29 15:17:28,Sunday,2005-06-07 10:07:28,8,439,2
787,3919,2005-05-29 16:03:03,Sunday,2005-06-07 11:07:03,8,27,2
788,763,2005-05-29 16:13:55,Sunday,2005-05-31 16:40:55,2,562,1
789,708,2005-05-29 16:17:07,Sunday,2005-06-06 18:15:07,8,553,1
790,2858,2005-05-29 16:19:29,Sunday,2005-06-02 17:22:29,4,593,2
791,1554,2005-05-29 16:30:42,Sunday,2005-06-01 19:11:42,3,284,1
792,2841,2005-05-29 16:32:10,Sunday,2005-05-31 18:01:10,2,261,1
793,379,2005-05-29 16:44:08,Sunday,2005-06-06 19:21:08,8,528,2
794,1995,2005-05-29 16:44:11,Sunday,2005-06-05 16:11:11,6,50,1
795,609,2005-05-29 16:57:39,Sunday,2005-06-01 11:33:39,2,551,2
796,2697,2005-05-29 16:59:44,Sunday,2005-06-03 16:22:44,4,26,2
797,1446,2005-05-29 17:12:17,Sunday,2005-06-03 16:06:17,4,244,1
798,1102,2005-05-29 17:23:43,Sunday,2005-06-01 13:06:43,2,134,2
799,1713,2005-05-29 17:24:48,Sunday,2005-06-05 12:25:48,6,429,1
800,441,2005-05-29 17:28:12,Sunday,2005-05-30 14:59:12,0,472,1
801,1642,2005-05-29 17:35:50,Sunday,2005-06-04 17:05:50,5,402,2
802,785,2005-05-29 17:38:59,Sunday,2005-05-31 22:42:59,2,350,2
803,1602,2005-05-29 17:52:30,Sunday,2005-05-30 14:35:30,0,32,2
804,3909,2005-05-29 18:10:24,Sunday,2005-06-06 22:53:24,8,171,1
805,3132,2005-05-29 18:18:18,Sunday,2005-06-07 15:11:18,8,232,2
806,2386,2005-05-29 18:31:30,Sunday,2005-05-31 00:18:30,1,435,2
807,2195,2005-05-29 18:50:50,Sunday,2005-06-03 18:36:50,4,235,2
808,1928,2005-05-29 19:08:20,Sunday,2005-06-06 20:32:20,8,104,2
809,2114,2005-05-29 19:10:20,Sunday,2005-06-05 19:05:20,6,222,2
810,2533,2005-05-29 19:12:04,Sunday,2005-06-04 21:12:04,6,346,2
811,4419,2005-05-29 19:30:42,Sunday,2005-06-02 16:19:42,3,401,2
812,1099,2005-05-29 20:00:30,Sunday,2005-05-30 19:43:30,0,225,2
813,4554,2005-05-29 20:14:34,Sunday,2005-06-05 20:56:34,7,344,1
814,1572,2005-05-29 20:16:12,Sunday,2005-06-07 17:47:12,8,134,1
815,3757,2005-05-29 20:24:28,Sunday,2005-06-03 15:32:28,4,14,1
816,630,2005-05-29 20:26:39,Sunday,2005-06-06 22:31:39,8,474,2
817,186,2005-05-29 20:39:14,Sunday,2005-05-31 18:24:14,1,554,1
818,4106,2005-05-29 20:47:53,Sunday,2005-06-02 23:18:53,4,321,2
819,623,2005-05-29 21:00:32,Sunday,2005-06-02 15:15:32,3,511,2
820,2584,2005-05-29 21:07:22,Sunday,2005-06-07 00:22:22,8,22,2
821,3380,2005-05-29 21:31:12,Sunday,2005-06-04 22:49:12,6,348,1
822,2634,2005-05-29 21:36:00,Sunday,2005-06-07 17:24:00,8,480,1
823,3249,2005-05-29 21:39:37,Sunday,2005-05-30 22:06:37,1,441,1
824,3518,2005-05-29 21:45:32,Sunday,2005-05-31 19:01:32,1,357,1
825,712,2005-05-29 21:49:41,Sunday,2005-06-04 20:27:41,5,371,2
826,2263,2005-05-29 21:56:15,Sunday,2005-06-08 03:18:15,9,207,1
827,62,2005-05-29 21:58:43,Sunday,2005-06-06 00:54:43,7,573,1
828,2468,2005-05-29 22:14:55,Sunday,2005-05-30 17:22:55,0,217,1
829,1684,2005-05-29 22:16:42,Sunday,2005-06-06 01:38:42,7,371,1
830,3464,2005-05-29 22:43:55,Sunday,2005-06-01 17:43:55,2,3,1
831,3912,2005-05-29 22:50:25,Sunday,2005-06-06 02:27:25,7,509,1
832,1381,2005-05-29 22:51:20,Sunday,2005-06-07 17:37:20,8,159,2
833,2898,2005-05-29 23:21:56,Sunday,2005-06-02 18:40:56,3,417,1
834,3628,2005-05-29 23:24:30,Sunday,2005-05-30 22:00:30,0,84,2
835,299,2005-05-29 23:37:00,Sunday,2005-06-02 23:38:00,4,381,1
836,3140,2005-05-29 23:56:42,Sunday,2005-05-31 04:11:42,1,368,2
837,977,2005-05-30 00:02:08,Monday,2005-06-02 05:31:08,3,172,2
838,2859,2005-05-30 00:27:57,Monday,2005-06-06 22:19:57,7,504,2
839,1886,2005-05-30 00:28:12,Monday,2005-06-08 02:43:12,9,337,1
840,4049,2005-05-30 00:28:41,Monday,2005-05-31 20:39:41,1,79,2
841,4318,2005-05-30 00:31:17,Monday,2005-06-02 19:14:17,3,387,1
842,2328,2005-05-30 00:32:04,Monday,2005-06-01 02:21:04,2,238,1
843,2214,2005-05-30 00:44:24,Monday,2005-05-31 00:58:24,1,313,2
844,536,2005-05-30 00:58:20,Monday,2005-06-01 00:38:20,1,429,1
845,2001,2005-05-30 01:17:25,Monday,2005-06-07 02:00:25,8,72,1
846,938,2005-05-30 01:17:45,Monday,2005-06-01 00:56:45,1,49,2
847,4387,2005-05-30 01:18:15,Monday,2005-06-06 20:20:15,7,380,2
848,1363,2005-05-30 01:19:53,Monday,2005-06-05 23:40:53,6,436,1
849,2424,2005-05-30 01:23:07,Monday,2005-06-07 01:50:07,8,449,1
850,2390,2005-05-30 01:35:12,Monday,2005-05-31 01:51:12,1,517,1
851,2780,2005-05-30 01:35:15,Monday,2005-06-06 07:27:15,7,530,1
852,1622,2005-05-30 01:36:57,Monday,2005-06-01 22:44:57,2,549,1
853,3693,2005-05-30 01:43:31,Monday,2005-06-01 02:05:31,2,122,1
854,921,2005-05-30 01:56:11,Monday,2005-06-01 06:34:11,2,369,2
855,2527,2005-05-30 02:00:28,Monday,2005-06-03 20:16:28,4,406,2
856,3969,2005-05-30 02:01:21,Monday,2005-06-07 03:25:21,8,53,1
857,2569,2005-05-30 02:01:23,Monday,2005-06-02 06:07:23,3,204,2
858,1258,2005-05-30 02:10:32,Monday,2005-06-01 04:42:32,2,358,1
859,3032,2005-05-30 02:36:20,Monday,2005-06-02 07:49:20,3,79,2
860,578,2005-05-30 02:45:16,Monday,2005-06-08 07:28:16,9,276,1
861,3711,2005-05-30 02:48:32,Monday,2005-06-06 05:43:32,7,502,1
862,1186,2005-05-30 03:09:11,Monday,2005-06-03 21:27:11,4,328,1
863,3999,2005-05-30 03:14:59,Monday,2005-06-05 04:34:59,6,379,2
864,2777,2005-05-30 03:27:17,Monday,2005-06-06 08:28:17,7,544,1
865,3183,2005-05-30 03:39:44,Monday,2005-06-07 08:10:44,8,154,2
866,2867,2005-05-30 03:43:54,Monday,2005-06-08 04:28:54,9,8,1
867,3389,2005-05-30 03:54:43,Monday,2005-06-01 22:59:43,2,99,1
868,3604,2005-05-30 04:19:55,Monday,2005-05-31 02:28:55,0,28,1
869,3399,2005-05-30 04:22:06,Monday,2005-06-03 09:18:06,4,296,2
870,2903,2005-05-30 04:25:47,Monday,2005-06-06 04:32:47,7,391,1
871,4573,2005-05-30 05:01:30,Monday,2005-06-04 06:22:30,5,303,2
872,3904,2005-05-30 05:03:04,Monday,2005-06-06 10:35:04,7,548,1
873,4568,2005-05-30 05:15:20,Monday,2005-06-07 00:49:20,7,375,2
874,363,2005-05-30 05:36:21,Monday,2005-06-01 09:32:21,2,52,1
875,1428,2005-05-30 05:38:24,Monday,2005-06-06 00:34:24,6,326,2
876,1471,2005-05-30 05:41:22,Monday,2005-06-07 09:06:22,8,339,2
877,886,2005-05-30 05:48:59,Monday,2005-06-02 09:30:59,3,9,1
878,4265,2005-05-30 05:49:13,Monday,2005-06-07 04:35:13,7,323,1
879,4021,2005-05-30 05:49:42,Monday,2005-06-05 01:45:42,5,482,2
880,1819,2005-05-30 06:12:33,Monday,2005-06-02 04:35:33,2,460,2
881,602,2005-05-30 06:15:36,Monday,2005-06-02 10:21:36,3,242,1
882,3841,2005-05-30 06:16:06,Monday,2005-06-02 11:57:06,3,477,1
883,2271,2005-05-30 06:21:05,Monday,2005-06-07 04:50:05,7,399,2
884,4079,2005-05-30 06:41:32,Monday,2005-05-31 07:39:32,1,17,1
885,646,2005-05-30 06:54:28,Monday,2005-06-03 07:03:28,4,62,2
886,4356,2005-05-30 06:54:51,Monday,2005-06-01 06:04:51,1,393,2
887,2727,2005-05-30 07:10:00,Monday,2005-06-01 06:48:00,1,16,2
888,387,2005-05-30 07:13:14,Monday,2005-06-06 09:50:14,7,128,1
889,1299,2005-05-30 07:14:53,Monday,2005-05-31 07:56:53,1,114,2
890,1464,2005-05-30 07:43:04,Monday,2005-06-01 11:26:04,2,349,1
891,2611,2005-05-30 07:43:12,Monday,2005-06-08 09:21:12,9,391,1
892,471,2005-05-30 08:02:56,Monday,2005-06-05 12:51:56,6,274,1
893,3260,2005-05-30 08:06:59,Monday,2005-06-07 08:23:59,8,502,2
894,1118,2005-05-30 08:31:31,Monday,2005-06-07 12:39:31,8,400,1
895,2744,2005-05-30 08:50:43,Monday,2005-06-05 10:58:43,6,192,1
896,2817,2005-05-30 09:03:52,Monday,2005-06-05 07:37:52,5,207,2
897,1334,2005-05-30 09:10:01,Monday,2005-06-08 03:43:01,8,432,1
898,3497,2005-05-30 09:26:19,Monday,2005-06-01 10:45:19,2,384,2
899,1096,2005-05-30 09:29:30,Monday,2005-06-06 12:39:30,7,156,2
900,3543,2005-05-30 09:38:41,Monday,2005-06-07 11:54:41,8,586,1
901,760,2005-05-30 09:40:40,Monday,2005-06-02 10:32:40,3,259,1
902,1514,2005-05-30 09:53:36,Monday,2005-06-07 12:10:36,8,561,1
903,2423,2005-05-30 10:11:29,Monday,2005-06-03 09:33:29,3,197,1
904,2466,2005-05-30 10:19:42,Monday,2005-06-05 04:58:42,5,44,2
905,4372,2005-05-30 10:25:00,Monday,2005-06-06 06:23:00,6,50,1
906,1862,2005-05-30 10:30:38,Monday,2005-06-07 06:44:38,7,549,2
907,3320,2005-05-30 10:37:27,Monday,2005-06-02 09:51:27,2,506,1
908,4427,2005-05-30 10:38:37,Monday,2005-06-03 09:56:37,3,85,1
909,3775,2005-05-30 10:43:38,Monday,2005-06-08 12:07:38,9,486,1
910,2601,2005-05-30 10:46:16,Monday,2005-06-04 13:32:16,5,374,1
911,1404,2005-05-30 10:50:22,Monday,2005-06-07 12:26:22,8,366,2
912,3200,2005-05-30 10:58:33,Monday,2005-05-31 09:31:33,0,390,2
913,3213,2005-05-30 11:04:58,Monday,2005-06-07 13:22:58,8,369,2
914,1393,2005-05-30 11:06:00,Monday,2005-06-04 06:07:00,4,596,2
915,1859,2005-05-30 11:20:27,Monday,2005-06-02 11:55:27,3,115,1
916,1290,2005-05-30 11:25:01,Monday,2005-05-31 09:06:01,0,6,1
917,3629,2005-05-30 11:27:06,Monday,2005-06-02 08:31:06,2,385,1
918,818,2005-05-30 11:32:24,Monday,2005-05-31 07:55:24,0,197,2
919,4052,2005-05-30 11:35:06,Monday,2005-06-02 13:16:06,3,374,2
920,3860,2005-05-30 11:44:01,Monday,2005-06-02 08:19:01,2,584,2
921,1827,2005-05-30 11:53:09,Monday,2005-06-03 10:00:09,3,508,2
922,2442,2005-05-30 11:55:55,Monday,2005-06-08 10:12:55,8,550,2
923,1884,2005-05-30 11:58:50,Monday,2005-06-05 09:57:50,5,37,1
924,3279,2005-05-30 12:10:59,Monday,2005-06-04 17:28:59,5,293,1
925,3203,2005-05-30 12:13:52,Monday,2005-06-02 14:41:52,3,137,2
926,4327,2005-05-30 12:15:54,Monday,2005-06-01 08:53:54,1,76,2
927,1158,2005-05-30 12:16:40,Monday,2005-05-31 16:20:40,1,167,2
928,246,2005-05-30 12:27:14,Monday,2005-06-05 13:56:14,6,79,2
929,4296,2005-05-30 12:32:39,Monday,2005-06-06 12:17:39,6,536,1
930,2835,2005-05-30 12:44:57,Monday,2005-06-04 10:53:57,4,141,2
931,3384,2005-05-30 12:53:01,Monday,2005-05-31 14:28:01,1,421,1
932,719,2005-05-30 12:55:36,Monday,2005-05-31 10:30:36,0,198,2
933,3672,2005-05-30 13:08:45,Monday,2005-06-01 18:56:45,2,66,1
934,3595,2005-05-30 13:24:46,Monday,2005-06-08 16:44:46,9,60,2
935,2421,2005-05-30 13:29:36,Monday,2005-06-02 11:08:36,2,256,1
936,901,2005-05-30 13:52:49,Monday,2005-06-07 16:56:49,8,469,1
937,1054,2005-05-30 14:47:31,Monday,2005-06-05 09:53:31,5,304,2
938,1521,2005-05-30 14:47:31,Monday,2005-06-04 10:10:31,4,46,2
939,1314,2005-05-30 14:49:34,Monday,2005-06-01 19:00:34,2,367,1
940,1278,2005-05-30 15:01:02,Monday,2005-06-01 18:26:02,2,534,1
941,3630,2005-05-30 15:02:25,Monday,2005-06-01 17:19:25,2,562,1
942,4279,2005-05-30 15:05:47,Monday,2005-06-08 15:59:47,9,473,2
943,3737,2005-05-30 15:20:19,Monday,2005-06-06 18:53:19,7,57,1
944,151,2005-05-30 15:26:24,Monday,2005-06-07 18:09:24,8,131,2
945,1441,2005-05-30 15:33:17,Monday,2005-06-02 15:02:17,2,357,2
946,1264,2005-05-30 15:35:08,Monday,2005-06-08 11:38:08,8,486,1
947,4478,2005-05-30 15:36:57,Monday,2005-06-04 18:48:57,5,62,1
948,585,2005-05-30 15:44:27,Monday,2005-06-08 17:30:27,9,245,2
949,2202,2005-05-30 15:50:39,Monday,2005-06-03 14:25:39,3,368,1
950,491,2005-05-30 16:06:08,Monday,2005-06-01 11:43:08,1,83,1
951,1395,2005-05-30 16:10:35,Monday,2005-05-31 19:01:35,1,59,2
952,4389,2005-05-30 16:28:07,Monday,2005-06-02 16:12:07,2,311,2
953,2194,2005-05-30 16:34:02,Monday,2005-05-31 20:34:02,1,210,1
954,1231,2005-05-30 16:57:29,Monday,2005-06-08 13:30:29,8,297,2
955,4140,2005-05-30 16:59:03,Monday,2005-05-31 11:58:03,0,301,2
956,647,2005-05-30 17:30:28,Monday,2005-06-07 13:54:28,7,296,2
957,4428,2005-05-30 17:53:29,Monday,2005-06-03 15:31:29,3,440,2
958,548,2005-05-30 17:58:03,Monday,2005-06-01 19:17:03,2,186,2
959,3108,2005-05-30 18:07:00,Monday,2005-06-02 14:37:00,2,535,2
960,1966,2005-05-30 18:13:23,Monday,2005-06-04 00:12:23,4,445,2
961,3293,2005-05-30 18:16:44,Monday,2005-06-04 23:40:44,5,588,2
962,4535,2005-05-30 18:45:17,Monday,2005-06-05 22:47:17,6,520,1
963,1921,2005-05-30 18:52:53,Monday,2005-06-07 16:19:53,7,225,2
964,657,2005-05-30 18:53:21,Monday,2005-06-04 22:32:21,5,287,2
965,3363,2005-05-30 19:00:14,Monday,2005-05-31 17:10:14,0,502,2
966,1294,2005-05-30 19:00:37,Monday,2005-05-31 23:51:37,1,496,1
967,1954,2005-05-30 19:12:06,Monday,2005-06-09 00:02:06,9,330,2
968,119,2005-05-30 19:20:03,Monday,2005-05-31 18:17:03,0,576,2
969,443,2005-05-30 19:23:48,Monday,2005-05-31 21:14:48,1,551,1
970,1520,2005-05-30 19:50:28,Monday,2005-06-09 01:19:28,9,307,1
971,2911,2005-05-30 20:10:52,Monday,2005-06-06 20:47:52,7,561,1
972,2,2005-05-30 20:21:07,Monday,2005-06-06 00:36:07,6,411,1
973,1914,2005-05-30 20:27:45,Monday,2005-06-08 22:47:45,9,473,2
974,2617,2005-05-30 20:28:42,Monday,2005-06-08 23:45:42,9,596,2
975,3109,2005-05-30 21:07:15,Monday,2005-06-03 01:48:15,3,7,2
976,2290,2005-05-30 21:11:19,Monday,2005-06-06 02:16:19,6,581,2
977,2029,2005-05-30 21:22:26,Monday,2005-06-04 22:32:26,5,394,2
978,407,2005-05-30 21:30:52,Monday,2005-06-07 16:22:52,7,154,1
979,3917,2005-05-30 21:37:11,Monday,2005-06-08 00:24:11,8,279,2
980,4169,2005-05-30 21:45:19,Monday,2005-06-01 20:32:19,1,273,1
981,2913,2005-05-30 21:52:42,Monday,2005-06-01 03:15:42,1,326,2
982,3560,2005-05-30 22:15:24,Monday,2005-06-02 16:18:24,2,524,1
983,63,2005-05-30 22:15:51,Monday,2005-06-02 22:56:51,3,115,1
984,2305,2005-05-30 22:17:17,Monday,2005-06-01 20:15:17,1,262,2
985,1573,2005-05-30 22:18:35,Monday,2005-06-04 23:36:35,5,564,1
986,4045,2005-05-30 22:22:52,Monday,2005-06-01 02:24:52,1,253,1
987,390,2005-05-30 22:59:12,Monday,2005-06-07 20:56:12,7,11,1
988,1364,2005-05-30 23:08:03,Monday,2005-06-07 00:22:03,7,12,1
989,4388,2005-05-30 23:11:51,Monday,2005-06-03 20:36:51,3,83,2
990,4171,2005-05-30 23:25:14,Monday,2005-06-06 18:41:14,6,311,2
991,2863,2005-05-30 23:29:22,Monday,2005-06-07 23:16:22,7,593,1
992,3572,2005-05-30 23:47:56,Monday,2005-06-05 19:01:56,5,123,1
993,2080,2005-05-30 23:54:19,Monday,2005-06-04 21:27:19,4,513,1
994,2798,2005-05-30 23:55:36,Monday,2005-06-04 01:00:36,4,472,2
995,17,2005-05-31 00:06:02,Tuesday,2005-06-06 02:30:02,6,150,2
996,2075,2005-05-31 00:06:20,Tuesday,2005-05-31 21:29:20,0,331,2
997,4243,2005-05-31 00:08:25,Tuesday,2005-06-02 00:17:25,2,216,2
998,3395,2005-05-31 00:16:57,Tuesday,2005-06-01 22:41:57,1,389,1
999,4433,2005-05-31 00:25:10,Tuesday,2005-06-03 06:05:10,3,413,2
1000,1774,2005-05-31 00:25:56,Tuesday,2005-06-08 19:42:56,8,332,2
1001,1498,2005-05-31 00:46:31,Tuesday,2005-06-06 06:14:31,6,64,2
